﻿<?xml version="1.0" encoding="utf-8"?>
<doc>
  <assembly>
    <name>System.Xml.XPath.XDocument</name>
  </assembly>
  <members>
    <member name="T:System.Xml.XPath.Extensions">
      <summary>Cette classe contient les méthodes d'extension LINQ to XML qui vous permettent d'évaluer des expressions XPath.</summary>
      <filterpriority>2</filterpriority>
    </member>
    <member name="M:System.Xml.XPath.Extensions.CreateNavigator(System.Xml.Linq.XNode)">
      <summary>Crée un <see cref="T:System.Xml.XPath.XPathNavigator" /> pour un <see cref="T:System.Xml.Linq.XNode" />.</summary>
      <returns>
        <see cref="T:System.Xml.XPath.XPathNavigator" /> qui peut traiter des requêtes XPath.</returns>
      <param name="node">
        <see cref="T:System.Xml.Linq.XNode" /> qui peut traiter des requêtes XPath.</param>
      <filterpriority>2</filterpriority>
    </member>
    <member name="M:System.Xml.XPath.Extensions.CreateNavigator(System.Xml.Linq.XNode,System.Xml.XmlNameTable)">
      <summary>Crée un <see cref="T:System.Xml.XPath.XPathNavigator" /> pour un <see cref="T:System.Xml.Linq.XNode" />.Le <see cref="T:System.Xml.XmlNameTable" /> permet un traitement d'expression XPath plus efficace.</summary>
      <returns>
        <see cref="T:System.Xml.XPath.XPathNavigator" /> qui peut traiter des requêtes XPath.</returns>
      <param name="node">
        <see cref="T:System.Xml.Linq.XNode" /> qui peut traiter une requête XPath.</param>
      <param name="nameTable">
        <see cref="T:System.Xml.XmlNameTable" /> que doit utiliser <see cref="T:System.Xml.XPath.XPathNavigator" />.</param>
      <filterpriority>2</filterpriority>
    </member>
    <member name="M:System.Xml.XPath.Extensions.XPathEvaluate(System.Xml.Linq.XNode,System.String)">
      <summary>Évalue une expression XPath.</summary>
      <returns>Objet qui peut contenir un bool, un double, un string ou un <see cref="T:System.Collections.Generic.IEnumerable`1" />. </returns>
      <param name="node">
        <see cref="T:System.Xml.Linq.XNode" /> sur lequel évaluer l'expression XPath.</param>
      <param name="expression">
        <see cref="T:System.String" /> qui contient une expression XPath.</param>
      <filterpriority>2</filterpriority>
    </member>
    <member name="M:System.Xml.XPath.Extensions.XPathEvaluate(System.Xml.Linq.XNode,System.String,System.Xml.IXmlNamespaceResolver)">
      <summary>Évalue une expression XPath, en résolvant les préfixes d'espace de noms à l'aide du <see cref="T:System.Xml.IXmlNamespaceResolver" /> spécifié.</summary>
      <returns>Objet qui contient le résultat de l'évaluation de l'expression.L'objet peut être un bool, un double, un string ou un <see cref="T:System.Collections.Generic.IEnumerable`1" />.</returns>
      <param name="node">
        <see cref="T:System.Xml.Linq.XNode" /> sur lequel évaluer l'expression XPath.</param>
      <param name="expression">
        <see cref="T:System.String" /> qui contient une expression XPath.</param>
      <param name="resolver">
        <see cref="T:System.Xml.IXmlNamespaceResolver" /> pour les préfixes d'espace de noms dans l'expression XPath.</param>
      <filterpriority>2</filterpriority>
    </member>
    <member name="M:System.Xml.XPath.Extensions.XPathSelectElement(System.Xml.Linq.XNode,System.String)">
      <summary>Sélectionne un <see cref="T:System.Xml.Linq.XElement" /> à l'aide d'une expression XPath.</summary>
      <returns>
        <see cref="T:System.Xml.Linq.XElement" /> ou null.</returns>
      <param name="node">
        <see cref="T:System.Xml.Linq.XNode" /> sur lequel évaluer l'expression XPath.</param>
      <param name="expression">
        <see cref="T:System.String" /> qui contient une expression XPath.</param>
      <filterpriority>2</filterpriority>
    </member>
    <member name="M:System.Xml.XPath.Extensions.XPathSelectElement(System.Xml.Linq.XNode,System.String,System.Xml.IXmlNamespaceResolver)">
      <summary>Sélectionne un <see cref="T:System.Xml.Linq.XElement" /> à l'aide d'une expression XPath, en résolvant les préfixes d'espace de noms à l'aide du <see cref="T:System.Xml.IXmlNamespaceResolver" /> spécifié.</summary>
      <returns>
        <see cref="T:System.Xml.Linq.XElement" /> ou null.</returns>
      <param name="node">
        <see cref="T:System.Xml.Linq.XNode" /> sur lequel évaluer l'expression XPath.</param>
      <param name="expression">
        <see cref="T:System.String" /> qui contient une expression XPath.</param>
      <param name="resolver">
        <see cref="T:System.Xml.IXmlNamespaceResolver" /> pour les préfixes d'espace de noms dans l'expression XPath.</param>
      <filterpriority>2</filterpriority>
    </member>
    <member name="M:System.Xml.XPath.Extensions.XPathSelectElements(System.Xml.Linq.XNode,System.String)">
      <summary>Sélectionne une collection d'éléments à l'aide d'une expression XPath.</summary>
      <returns>
        <see cref="T:System.Collections.Generic.IEnumerable`1" /> de <see cref="T:System.Xml.Linq.XElement" /> qui contient les éléments sélectionnés.</returns>
      <param name="node">
        <see cref="T:System.Xml.Linq.XNode" /> sur lequel évaluer l'expression XPath.</param>
      <param name="expression">
        <see cref="T:System.String" /> qui contient une expression XPath.</param>
      <filterpriority>2</filterpriority>
    </member>
    <member name="M:System.Xml.XPath.Extensions.XPathSelectElements(System.Xml.Linq.XNode,System.String,System.Xml.IXmlNamespaceResolver)">
      <summary>Sélectionne une collection d'éléments à l'aide d'une expression XPath, en résolvant les préfixes d'espace de noms à l'aide du <see cref="T:System.Xml.IXmlNamespaceResolver" /> spécifié.</summary>
      <returns>
        <see cref="T:System.Collections.Generic.IEnumerable`1" /> de <see cref="T:System.Xml.Linq.XElement" /> qui contient les éléments sélectionnés.</returns>
      <param name="node">
        <see cref="T:System.Xml.Linq.XNode" /> sur lequel évaluer l'expression XPath.</param>
      <param name="expression">
        <see cref="T:System.String" /> qui contient une expression XPath.</param>
      <param name="resolver">
        <see cref="T:System.Xml.IXmlNamespaceResolver" /> pour les préfixes d'espace de noms dans l'expression XPath.</param>
      <filterpriority>2</filterpriority>
    </member>
    <member name="T:System.Xml.XPath.XDocumentExtensions"></member>
    <member name="M:System.Xml.XPath.XDocumentExtensions.ToXPathNavigable(System.Xml.Linq.XNode)"></member>
  </members>
</doc>