﻿<?xml version="1.0" encoding="utf-8"?>
<doc>
  <assembly>
    <name>System.Xml.XPath.XDocument</name>
  </assembly>
  <members>
    <member name="T:System.Xml.XPath.Extensions">
      <summary>Diese Klasse enthält die LINQ to XML-Erweiterungsmethoden zum Auswerten von XPath-Ausdrücken.</summary>
      <filterpriority>2</filterpriority>
    </member>
    <member name="M:System.Xml.XPath.Extensions.CreateNavigator(System.Xml.Linq.XNode)">
      <summary>Erstellt einen <see cref="T:System.Xml.XPath.XPathNavigator" /> für einen <see cref="T:System.Xml.Linq.XNode" />.</summary>
      <returns>Ein <see cref="T:System.Xml.XPath.XPathNavigator" />, der XPath-Abfragen verarbeiten kann.</returns>
      <param name="node">Ein <see cref="T:System.Xml.Linq.XNode" />, der XPath-Abfragen verarbeiten kann.</param>
      <filterpriority>2</filterpriority>
    </member>
    <member name="M:System.Xml.XPath.Extensions.CreateNavigator(System.Xml.Linq.XNode,System.Xml.XmlNameTable)">
      <summary>Erstellt einen <see cref="T:System.Xml.XPath.XPathNavigator" /> für einen <see cref="T:System.Xml.Linq.XNode" />.Die <see cref="T:System.Xml.XmlNameTable" /> ermöglicht eine effizientere Verarbeitung von XPath-Ausdrücken.</summary>
      <returns>Ein <see cref="T:System.Xml.XPath.XPathNavigator" />, der XPath-Abfragen verarbeiten kann.</returns>
      <param name="node">Ein <see cref="T:System.Xml.Linq.XNode" />, der eine XPath-Abfrage verarbeiten kann.</param>
      <param name="nameTable">Eine <see cref="T:System.Xml.XmlNameTable" />, die vom <see cref="T:System.Xml.XPath.XPathNavigator" /> verwendet werden soll.</param>
      <filterpriority>2</filterpriority>
    </member>
    <member name="M:System.Xml.XPath.Extensions.XPathEvaluate(System.Xml.Linq.XNode,System.String)">
      <summary>Wertet einen XPath-Ausdruck aus.</summary>
      <returns>Ein Objekt, das einen bool, einen double, einen string oder einen <see cref="T:System.Collections.Generic.IEnumerable`1" /> enthalten kann. </returns>
      <param name="node">Der <see cref="T:System.Xml.Linq.XNode" />, in dem der XPath-Ausdruck ausgewertet wird.</param>
      <param name="expression">Ein <see cref="T:System.String" />, der einen XPath-Ausdruck enthält.</param>
      <filterpriority>2</filterpriority>
    </member>
    <member name="M:System.Xml.XPath.Extensions.XPathEvaluate(System.Xml.Linq.XNode,System.String,System.Xml.IXmlNamespaceResolver)">
      <summary>Wertet einen XPath-Ausdruck aus und löst Namespacepräfixe mit dem angegebenen <see cref="T:System.Xml.IXmlNamespaceResolver" /> auf.</summary>
      <returns>Ein Objekt, das das Ergebnis aus der Auswertung des Ausdrucks enthält.Das Objekt kann ein bool, ein double, ein string oder ein <see cref="T:System.Collections.Generic.IEnumerable`1" /> sein.</returns>
      <param name="node">Der <see cref="T:System.Xml.Linq.XNode" />, in dem der XPath-Ausdruck ausgewertet wird.</param>
      <param name="expression">Ein <see cref="T:System.String" />, der einen XPath-Ausdruck enthält.</param>
      <param name="resolver">Ein <see cref="T:System.Xml.IXmlNamespaceResolver" /> für die Namespacepräfixe im XPath-Ausdruck.</param>
      <filterpriority>2</filterpriority>
    </member>
    <member name="M:System.Xml.XPath.Extensions.XPathSelectElement(System.Xml.Linq.XNode,System.String)">
      <summary>Wählt mithilfe eines XPath-Ausdrucks ein <see cref="T:System.Xml.Linq.XElement" /> aus.</summary>
      <returns>Ein <see cref="T:System.Xml.Linq.XElement" /> oder NULL.</returns>
      <param name="node">Der <see cref="T:System.Xml.Linq.XNode" />, in dem der XPath-Ausdruck ausgewertet wird.</param>
      <param name="expression">Ein <see cref="T:System.String" />, der einen XPath-Ausdruck enthält.</param>
      <filterpriority>2</filterpriority>
    </member>
    <member name="M:System.Xml.XPath.Extensions.XPathSelectElement(System.Xml.Linq.XNode,System.String,System.Xml.IXmlNamespaceResolver)">
      <summary>Wählt mithilfe eines XPath-Ausdrucks ein <see cref="T:System.Xml.Linq.XElement" /> aus und löst Namespacepräfixe mit dem angegebenen <see cref="T:System.Xml.IXmlNamespaceResolver" /> auf.</summary>
      <returns>Ein <see cref="T:System.Xml.Linq.XElement" /> oder NULL.</returns>
      <param name="node">Der <see cref="T:System.Xml.Linq.XNode" />, in dem der XPath-Ausdruck ausgewertet wird.</param>
      <param name="expression">Ein <see cref="T:System.String" />, der einen XPath-Ausdruck enthält.</param>
      <param name="resolver">Ein <see cref="T:System.Xml.IXmlNamespaceResolver" /> für die Namespacepräfixe im XPath-Ausdruck.</param>
      <filterpriority>2</filterpriority>
    </member>
    <member name="M:System.Xml.XPath.Extensions.XPathSelectElements(System.Xml.Linq.XNode,System.String)">
      <summary>Wählt mithilfe eines XPath-Ausdrucks eine Auflistung von Elementen aus.</summary>
      <returns>Ein <see cref="T:System.Collections.Generic.IEnumerable`1" /> vom Typ <see cref="T:System.Xml.Linq.XElement" />, die die ausgewählten Elemente enthält.</returns>
      <param name="node">Der <see cref="T:System.Xml.Linq.XNode" />, in dem der XPath-Ausdruck ausgewertet wird.</param>
      <param name="expression">Ein <see cref="T:System.String" />, der einen XPath-Ausdruck enthält.</param>
      <filterpriority>2</filterpriority>
    </member>
    <member name="M:System.Xml.XPath.Extensions.XPathSelectElements(System.Xml.Linq.XNode,System.String,System.Xml.IXmlNamespaceResolver)">
      <summary>Wählt mithilfe eines XPath-Ausdrucks eine Auflistung von Elementen aus und löst Namespacepräfixe mit dem angegebenen <see cref="T:System.Xml.IXmlNamespaceResolver" /> auf.</summary>
      <returns>Ein <see cref="T:System.Collections.Generic.IEnumerable`1" /> vom Typ <see cref="T:System.Xml.Linq.XElement" />, die die ausgewählten Elemente enthält.</returns>
      <param name="node">Der <see cref="T:System.Xml.Linq.XNode" />, in dem der XPath-Ausdruck ausgewertet wird.</param>
      <param name="expression">Ein <see cref="T:System.String" />, der einen XPath-Ausdruck enthält.</param>
      <param name="resolver">Ein <see cref="T:System.Xml.IXmlNamespaceResolver" /> für die Namespacepräfixe im XPath-Ausdruck.</param>
      <filterpriority>2</filterpriority>
    </member>
    <member name="T:System.Xml.XPath.XDocumentExtensions"></member>
    <member name="M:System.Xml.XPath.XDocumentExtensions.ToXPathNavigable(System.Xml.Linq.XNode)"></member>
  </members>
</doc>