﻿<?xml version="1.0" encoding="utf-8"?>
<doc>
  <assembly>
    <name>System.Xml.XPath.XDocument</name>
  </assembly>
  <members>
    <member name="T:System.Xml.XPath.Extensions">
      <summary>這個類別包含可讓您評估 XPath 運算式的 LINQ to XML 擴充方法。</summary>
      <filterpriority>2</filterpriority>
    </member>
    <member name="M:System.Xml.XPath.Extensions.CreateNavigator(System.Xml.Linq.XNode)">
      <summary>建立 <see cref="T:System.Xml.Linq.XNode" /> 的 <see cref="T:System.Xml.XPath.XPathNavigator" />。</summary>
      <returns>可處理 XPath 查詢的 <see cref="T:System.Xml.XPath.XPathNavigator" />。</returns>
      <param name="node">可處理 XPath 查詢的 <see cref="T:System.Xml.Linq.XNode" />。</param>
      <filterpriority>2</filterpriority>
    </member>
    <member name="M:System.Xml.XPath.Extensions.CreateNavigator(System.Xml.Linq.XNode,System.Xml.XmlNameTable)">
      <summary>建立 <see cref="T:System.Xml.Linq.XNode" /> 的 <see cref="T:System.Xml.XPath.XPathNavigator" />。<see cref="T:System.Xml.XmlNameTable" /> 可讓 XPath 運算式處理時更有效率。</summary>
      <returns>可處理 XPath 查詢的 <see cref="T:System.Xml.XPath.XPathNavigator" />。</returns>
      <param name="node">可處理 XPath 查詢的 <see cref="T:System.Xml.Linq.XNode" />。</param>
      <param name="nameTable">
        <see cref="T:System.Xml.XPath.XPathNavigator" /> 要使用的 <see cref="T:System.Xml.XmlNameTable" />。</param>
      <filterpriority>2</filterpriority>
    </member>
    <member name="M:System.Xml.XPath.Extensions.XPathEvaluate(System.Xml.Linq.XNode,System.String)">
      <summary>評估 XPath 運算式。</summary>
      <returns>物件，可以包含 bool、double、string 或 <see cref="T:System.Collections.Generic.IEnumerable`1" />。</returns>
      <param name="node">要針對其評估 XPath 運算式的 <see cref="T:System.Xml.Linq.XNode" />。</param>
      <param name="expression">包含 XPath 運算式的 <see cref="T:System.String" />。</param>
      <filterpriority>2</filterpriority>
    </member>
    <member name="M:System.Xml.XPath.Extensions.XPathEvaluate(System.Xml.Linq.XNode,System.String,System.Xml.IXmlNamespaceResolver)">
      <summary>評估 XPath 運算式，並使用指定的 <see cref="T:System.Xml.IXmlNamespaceResolver" /> 解析命名空間後置字元。</summary>
      <returns>物件，包含評估運算式的結果。這個物件可以是 bool、double、string 或 <see cref="T:System.Collections.Generic.IEnumerable`1" />。</returns>
      <param name="node">要針對其評估 XPath 運算式的 <see cref="T:System.Xml.Linq.XNode" />。</param>
      <param name="expression">包含 XPath 運算式的 <see cref="T:System.String" />。</param>
      <param name="resolver">
        <see cref="T:System.Xml.IXmlNamespaceResolver" />，用來解析 XPath 運算式中的命名空間後置字元。</param>
      <filterpriority>2</filterpriority>
    </member>
    <member name="M:System.Xml.XPath.Extensions.XPathSelectElement(System.Xml.Linq.XNode,System.String)">
      <summary>使用 XPath 運算式選取 <see cref="T:System.Xml.Linq.XElement" />。</summary>
      <returns>
        <see cref="T:System.Xml.Linq.XElement" /> 或 null。</returns>
      <param name="node">要針對其評估 XPath 運算式的 <see cref="T:System.Xml.Linq.XNode" />。</param>
      <param name="expression">包含 XPath 運算式的 <see cref="T:System.String" />。</param>
      <filterpriority>2</filterpriority>
    </member>
    <member name="M:System.Xml.XPath.Extensions.XPathSelectElement(System.Xml.Linq.XNode,System.String,System.Xml.IXmlNamespaceResolver)">
      <summary>使用 XPath 運算式選取 <see cref="T:System.Xml.Linq.XElement" />，並使用指定的 <see cref="T:System.Xml.IXmlNamespaceResolver" /> 解析命名空間後置字元。</summary>
      <returns>
        <see cref="T:System.Xml.Linq.XElement" /> 或 null。</returns>
      <param name="node">要針對其評估 XPath 運算式的 <see cref="T:System.Xml.Linq.XNode" />。</param>
      <param name="expression">包含 XPath 運算式的 <see cref="T:System.String" />。</param>
      <param name="resolver">
        <see cref="T:System.Xml.IXmlNamespaceResolver" />，用來解析 XPath 運算式中的命名空間後置字元。</param>
      <filterpriority>2</filterpriority>
    </member>
    <member name="M:System.Xml.XPath.Extensions.XPathSelectElements(System.Xml.Linq.XNode,System.String)">
      <summary>使用 XPath 運算式選取項目的集合。</summary>
      <returns>包含已選取項目之 <see cref="T:System.Xml.Linq.XElement" /> 的 <see cref="T:System.Collections.Generic.IEnumerable`1" />。</returns>
      <param name="node">要針對其評估 XPath 運算式的 <see cref="T:System.Xml.Linq.XNode" />。</param>
      <param name="expression">包含 XPath 運算式的 <see cref="T:System.String" />。</param>
      <filterpriority>2</filterpriority>
    </member>
    <member name="M:System.Xml.XPath.Extensions.XPathSelectElements(System.Xml.Linq.XNode,System.String,System.Xml.IXmlNamespaceResolver)">
      <summary>使用 XPath 運算式選取項目集合，並使用指定的 <see cref="T:System.Xml.IXmlNamespaceResolver" /> 解析命名空間後置字元。</summary>
      <returns>包含已選取項目之 <see cref="T:System.Xml.Linq.XElement" /> 的 <see cref="T:System.Collections.Generic.IEnumerable`1" />。</returns>
      <param name="node">要針對其評估 XPath 運算式的 <see cref="T:System.Xml.Linq.XNode" />。</param>
      <param name="expression">包含 XPath 運算式的 <see cref="T:System.String" />。</param>
      <param name="resolver">
        <see cref="T:System.Xml.IXmlNamespaceResolver" />，用來解析 XPath 運算式中的命名空間後置字元。</param>
      <filterpriority>2</filterpriority>
    </member>
    <member name="T:System.Xml.XPath.XDocumentExtensions"></member>
    <member name="M:System.Xml.XPath.XDocumentExtensions.ToXPathNavigable(System.Xml.Linq.XNode)"></member>
  </members>
</doc>