﻿<?xml version="1.0" encoding="utf-8"?>
<doc>
  <assembly>
    <name>System.Xml.XPath.XDocument</name>
  </assembly>
  <members>
    <member name="T:System.Xml.XPath.Extensions">
      <summary>Этот класс содержит методы расширения LINQ to XML, позволяющие вычислять выражения XPath.</summary>
      <filterpriority>2</filterpriority>
    </member>
    <member name="M:System.Xml.XPath.Extensions.CreateNavigator(System.Xml.Linq.XNode)">
      <summary>Создает <see cref="T:System.Xml.XPath.XPathNavigator" /> для <see cref="T:System.Xml.Linq.XNode" />.</summary>
      <returns>Объект <see cref="T:System.Xml.XPath.XPathNavigator" />, который может обрабатывать запросы XPath.</returns>
      <param name="node">Объект <see cref="T:System.Xml.Linq.XNode" />, который может обрабатывать запросы XPath.</param>
      <filterpriority>2</filterpriority>
    </member>
    <member name="M:System.Xml.XPath.Extensions.CreateNavigator(System.Xml.Linq.XNode,System.Xml.XmlNameTable)">
      <summary>Создает <see cref="T:System.Xml.XPath.XPathNavigator" /> для <see cref="T:System.Xml.Linq.XNode" />.<see cref="T:System.Xml.XmlNameTable" /> обеспечивает более эффективную обработку выражений XPath.</summary>
      <returns>Объект <see cref="T:System.Xml.XPath.XPathNavigator" />, который может обрабатывать запросы XPath.</returns>
      <param name="node">
        <see cref="T:System.Xml.Linq.XNode" />, который может обработать запрос XPath.</param>
      <param name="nameTable">
        <see cref="T:System.Xml.XmlNameTable" /> для использования <see cref="T:System.Xml.XPath.XPathNavigator" />.</param>
      <filterpriority>2</filterpriority>
    </member>
    <member name="M:System.Xml.XPath.Extensions.XPathEvaluate(System.Xml.Linq.XNode,System.String)">
      <summary>Вычисляет выражение XPath.</summary>
      <returns>Объект, который может содержать bool, double, string или <see cref="T:System.Collections.Generic.IEnumerable`1" />. </returns>
      <param name="node">
        <see cref="T:System.Xml.Linq.XNode" />, в котором вычисляется выражение XPath.</param>
      <param name="expression">
        <see cref="T:System.String" />, содержащая выражение XPath.</param>
      <filterpriority>2</filterpriority>
    </member>
    <member name="M:System.Xml.XPath.Extensions.XPathEvaluate(System.Xml.Linq.XNode,System.String,System.Xml.IXmlNamespaceResolver)">
      <summary>Вычисляет выражение XPath, разрешая префиксы пространств имен с помощью указанного <see cref="T:System.Xml.IXmlNamespaceResolver" />.</summary>
      <returns>Объект, содержащий результат вычисления выражения.Объект может иметь тип bool, double, string или <see cref="T:System.Collections.Generic.IEnumerable`1" />.</returns>
      <param name="node">
        <see cref="T:System.Xml.Linq.XNode" />, в котором вычисляется выражение XPath.</param>
      <param name="expression">
        <see cref="T:System.String" />, содержащая выражение XPath.</param>
      <param name="resolver">
        <see cref="T:System.Xml.IXmlNamespaceResolver" /> для префиксов пространств имен в выражении XPath.</param>
      <filterpriority>2</filterpriority>
    </member>
    <member name="M:System.Xml.XPath.Extensions.XPathSelectElement(System.Xml.Linq.XNode,System.String)">
      <summary>Выбирает <see cref="T:System.Xml.Linq.XElement" /> с помощью выражения XPath.</summary>
      <returns>
        <see cref="T:System.Xml.Linq.XElement" /> или null.</returns>
      <param name="node">
        <see cref="T:System.Xml.Linq.XNode" />, в котором вычисляется выражение XPath.</param>
      <param name="expression">
        <see cref="T:System.String" />, содержащая выражение XPath.</param>
      <filterpriority>2</filterpriority>
    </member>
    <member name="M:System.Xml.XPath.Extensions.XPathSelectElement(System.Xml.Linq.XNode,System.String,System.Xml.IXmlNamespaceResolver)">
      <summary>Выбирает <see cref="T:System.Xml.Linq.XElement" /> с помощью выражения XPath, разрешая префиксы пространства имен с помощью указанного <see cref="T:System.Xml.IXmlNamespaceResolver" />.</summary>
      <returns>
        <see cref="T:System.Xml.Linq.XElement" /> или null.</returns>
      <param name="node">
        <see cref="T:System.Xml.Linq.XNode" />, в котором вычисляется выражение XPath.</param>
      <param name="expression">
        <see cref="T:System.String" />, содержащая выражение XPath.</param>
      <param name="resolver">
        <see cref="T:System.Xml.IXmlNamespaceResolver" /> для префиксов пространств имен в выражении XPath.</param>
      <filterpriority>2</filterpriority>
    </member>
    <member name="M:System.Xml.XPath.Extensions.XPathSelectElements(System.Xml.Linq.XNode,System.String)">
      <summary>Выбирает коллекцию элементов с помощью выражения XPath.</summary>
      <returns>
        <see cref="T:System.Collections.Generic.IEnumerable`1" /> для <see cref="T:System.Xml.Linq.XElement" />, содержащего выбранные элементы.</returns>
      <param name="node">
        <see cref="T:System.Xml.Linq.XNode" />, в котором вычисляется выражение XPath.</param>
      <param name="expression">
        <see cref="T:System.String" />, содержащая выражение XPath.</param>
      <filterpriority>2</filterpriority>
    </member>
    <member name="M:System.Xml.XPath.Extensions.XPathSelectElements(System.Xml.Linq.XNode,System.String,System.Xml.IXmlNamespaceResolver)">
      <summary>Выбирает коллекцию элементов с помощью выражения XPath, разрешая префиксы пространства имен с помощью указанного <see cref="T:System.Xml.IXmlNamespaceResolver" />.</summary>
      <returns>
        <see cref="T:System.Collections.Generic.IEnumerable`1" /> для <see cref="T:System.Xml.Linq.XElement" />, содержащего выбранные элементы.</returns>
      <param name="node">
        <see cref="T:System.Xml.Linq.XNode" />, в котором вычисляется выражение XPath.</param>
      <param name="expression">
        <see cref="T:System.String" />, содержащая выражение XPath.</param>
      <param name="resolver">
        <see cref="T:System.Xml.IXmlNamespaceResolver" /> для префиксов пространств имен в выражении XPath.</param>
      <filterpriority>2</filterpriority>
    </member>
    <member name="T:System.Xml.XPath.XDocumentExtensions"></member>
    <member name="M:System.Xml.XPath.XDocumentExtensions.ToXPathNavigable(System.Xml.Linq.XNode)"></member>
  </members>
</doc>