﻿<?xml version="1.0" encoding="utf-8"?>
<doc>
  <assembly>
    <name>System.Xml.XPath.XDocument</name>
  </assembly>
  <members>
    <member name="T:System.Xml.XPath.Extensions">
      <summary>이 클래스에는 XPath 식을 평가할 수 있는 LINQ to XML 확장 메서드가 들어 있습니다.</summary>
      <filterpriority>2</filterpriority>
    </member>
    <member name="M:System.Xml.XPath.Extensions.CreateNavigator(System.Xml.Linq.XNode)">
      <summary>
        <see cref="T:System.Xml.Linq.XNode" />에 대해 <see cref="T:System.Xml.XPath.XPathNavigator" />를 만듭니다.</summary>
      <returns>XPath 쿼리를 처리할 수 있는 <see cref="T:System.Xml.XPath.XPathNavigator" />입니다.</returns>
      <param name="node">XPath 쿼리를 처리할 수 있는 <see cref="T:System.Xml.Linq.XNode" />입니다.</param>
      <filterpriority>2</filterpriority>
    </member>
    <member name="M:System.Xml.XPath.Extensions.CreateNavigator(System.Xml.Linq.XNode,System.Xml.XmlNameTable)">
      <summary>
        <see cref="T:System.Xml.Linq.XNode" />에 대해 <see cref="T:System.Xml.XPath.XPathNavigator" />를 만듭니다.<see cref="T:System.Xml.XmlNameTable" />을 사용하면 보다 효율적으로 XPath 식을 처리할 수 있습니다.</summary>
      <returns>XPath 쿼리를 처리할 수 있는 <see cref="T:System.Xml.XPath.XPathNavigator" />입니다.</returns>
      <param name="node">XPath 쿼리를 처리할 수 있는 <see cref="T:System.Xml.Linq.XNode" />입니다.</param>
      <param name="nameTable">
        <see cref="T:System.Xml.XPath.XPathNavigator" />에 사용할 <see cref="T:System.Xml.XmlNameTable" />입니다.</param>
      <filterpriority>2</filterpriority>
    </member>
    <member name="M:System.Xml.XPath.Extensions.XPathEvaluate(System.Xml.Linq.XNode,System.String)">
      <summary>XPath 식을 평가합니다.</summary>
      <returns>bool, double, string 또는 <see cref="T:System.Collections.Generic.IEnumerable`1" />을 포함할 수 있는 개체입니다. </returns>
      <param name="node">@FSHO3@XPath 식을 평가할 <see cref="T:System.Xml.Linq.XNode" />입니다.</param>
      <param name="expression">@FSHO3@XPath 식이 들어 있는 <see cref="T:System.String" />입니다.</param>
      <filterpriority>2</filterpriority>
    </member>
    <member name="M:System.Xml.XPath.Extensions.XPathEvaluate(System.Xml.Linq.XNode,System.String,System.Xml.IXmlNamespaceResolver)">
      <summary>XPath 식을 평가하고 지정된 <see cref="T:System.Xml.IXmlNamespaceResolver" />를 사용하여 네임스페이스 접두사를 확인합니다.</summary>
      <returns>식 평가 결과가 들어 있는 개체입니다.이 개체는 bool, double, string 또는 <see cref="T:System.Collections.Generic.IEnumerable`1" />일 수 있습니다.</returns>
      <param name="node">@FSHO3@XPath 식을 평가할 <see cref="T:System.Xml.Linq.XNode" />입니다.</param>
      <param name="expression">@FSHO3@XPath 식이 들어 있는 <see cref="T:System.String" />입니다.</param>
      <param name="resolver">XPath 식의 네임스페이스 접두사에 대한 <see cref="T:System.Xml.IXmlNamespaceResolver" />입니다.</param>
      <filterpriority>2</filterpriority>
    </member>
    <member name="M:System.Xml.XPath.Extensions.XPathSelectElement(System.Xml.Linq.XNode,System.String)">
      <summary>XPath 식을 사용하여 <see cref="T:System.Xml.Linq.XElement" />를 선택합니다.</summary>
      <returns>
        <see cref="T:System.Xml.Linq.XElement" />이거나 null입니다.</returns>
      <param name="node">@FSHO3@XPath 식을 평가할 <see cref="T:System.Xml.Linq.XNode" />입니다.</param>
      <param name="expression">@FSHO3@XPath 식이 들어 있는 <see cref="T:System.String" />입니다.</param>
      <filterpriority>2</filterpriority>
    </member>
    <member name="M:System.Xml.XPath.Extensions.XPathSelectElement(System.Xml.Linq.XNode,System.String,System.Xml.IXmlNamespaceResolver)">
      <summary>XPath 식을 사용하여 <see cref="T:System.Xml.Linq.XElement" />를 선택하고 지정된 <see cref="T:System.Xml.IXmlNamespaceResolver" />를 사용하여 네임스페이스 접두사를 확인합니다.</summary>
      <returns>
        <see cref="T:System.Xml.Linq.XElement" />이거나 null입니다.</returns>
      <param name="node">@FSHO3@XPath 식을 평가할 <see cref="T:System.Xml.Linq.XNode" />입니다.</param>
      <param name="expression">@FSHO3@XPath 식이 들어 있는 <see cref="T:System.String" />입니다.</param>
      <param name="resolver">XPath 식의 네임스페이스 접두사에 대한 <see cref="T:System.Xml.IXmlNamespaceResolver" />입니다.</param>
      <filterpriority>2</filterpriority>
    </member>
    <member name="M:System.Xml.XPath.Extensions.XPathSelectElements(System.Xml.Linq.XNode,System.String)">
      <summary>XPath 식을 사용하여 요소 컬렉션을 선택합니다.</summary>
      <returns>선택된 요소가 들어 있는 <see cref="T:System.Xml.Linq.XElement" />의 <see cref="T:System.Collections.Generic.IEnumerable`1" />입니다.</returns>
      <param name="node">@FSHO3@XPath 식을 평가할 <see cref="T:System.Xml.Linq.XNode" />입니다.</param>
      <param name="expression">@FSHO3@XPath 식이 들어 있는 <see cref="T:System.String" />입니다.</param>
      <filterpriority>2</filterpriority>
    </member>
    <member name="M:System.Xml.XPath.Extensions.XPathSelectElements(System.Xml.Linq.XNode,System.String,System.Xml.IXmlNamespaceResolver)">
      <summary>XPath 식을 사용하여 요소 컬렉션을 선택하고 지정된 <see cref="T:System.Xml.IXmlNamespaceResolver" />를 사용하여 네임스페이스 접두사를 확인합니다.</summary>
      <returns>선택된 요소가 들어 있는 <see cref="T:System.Xml.Linq.XElement" />의 <see cref="T:System.Collections.Generic.IEnumerable`1" />입니다.</returns>
      <param name="node">@FSHO3@XPath 식을 평가할 <see cref="T:System.Xml.Linq.XNode" />입니다.</param>
      <param name="expression">@FSHO3@XPath 식이 들어 있는 <see cref="T:System.String" />입니다.</param>
      <param name="resolver">XPath 식의 네임스페이스 접두사에 대한 <see cref="T:System.Xml.IXmlNamespaceResolver" />입니다.</param>
      <filterpriority>2</filterpriority>
    </member>
    <member name="T:System.Xml.XPath.XDocumentExtensions"></member>
    <member name="M:System.Xml.XPath.XDocumentExtensions.ToXPathNavigable(System.Xml.Linq.XNode)"></member>
  </members>
</doc>